name,id,label,description,attribution,USA,type,updatedAt,createdAt,data_updated_at,columns_field_name,columns_description,provenance,,
311 Service Requests,v6vf-nfxy,1,"311 Service Requests received by the City of Chicago. This dataset includes requests created after the launch of the new 311 system on 12/18/2018 and some records from the previous system, indicated in the LEGACY_RECORD column.

For purposes of all columns indicating geographic areas or locations, please note that requests of the type 311 INFORMATION ONLY CALL often are entered with the address of the City's 311 Center.",City of Chicago,Y,dataset,2024-12-02T20:19:41.000Z,2018-12-13T19:44:32.000Z,2024-12-02T20:19:41.000Z,"['street_type', 'location', 'y_coordinate', 'legacy_sr_number', 'zip_code', ':@computed_region_rpca_8um6', ':@computed_region_vrxf_vc4k', ':@computed_region_6mkv_f3dw', ':@computed_region_bdys_3d7i', ':@computed_region_43wa_7qmu', ':@computed_region_du4m_ji7t', 'sanitation_division_days', 'location_zip', 'status', 'state', 'duplicate', 'legacy_record', 'police_sector', 'created_day_of_week', 'location_address', 'location_state', 'latitude', 'last_modified_date', 'created_department', 'sr_short_code', 'sr_number', 'created_month', 'created_hour', 'police_beat', 'electricity_grid', 'street_number', 'street_address', 'location_city', 'created_date', 'owner_department', 'parent_sr_number', 'street_name', 'x_coordinate', 'closed_date', 'origin', 'longitude', 'police_district', 'sr_type', 'city', 'precinct', 'community_area', 'street_direction', 'electrical_district', 'ward']","['', 'The location in a format that allows for creation of maps and other geographic operations on this data portal.', 'The y coordinate of the location in State Plane Illinois East NAD 1983 projection.', 'If this request originated in the previous 311 system, the original Service Request Number.', '', '', '', '', '', '', ""This column was automatically created in order to record in what polygon from the dataset 'Boundaries - Wards (2023-)' (du4m-ji7t) the point in column 'location' is located.  This enables the creation of region maps (choropleths) in the visualization canvas and data lens."", '', '', '', '', 'Is this request a duplicate of another request?', 'Did this request originate in the previous 311 system?', '', 'The day of the week component of CREATED_DATE. Sunday=1', '', '', 'The latitude of the location.', '', 'The department, if any, that created the service request.', 'An internal code corresponding to the Service Request Type. This code allows for searching and filtering more easily than using the full SR_TYPE value.', '', 'The month component of CREATED_DATE', 'The hour of the day component of CREATED_DATE.', '', '', '', '', '', '', 'The department with initial responsibility for the service request.', 'Parent Service Request of the record if applicable. If the current Service Request record has been identified as a duplicate request, the record will be created as a child of the original request.', '', 'The x coordinate of the location in State Plane Illinois East NAD 1983 projection.', '', ""How the request was opened. Some values, such as Generated In House and Mass Entry result from the City's own operations."", 'The longitude of the location.', '', '', '', '', '', '', '', '']",official,,v6vf-nfxy
Honolulu 311 Reports,6hui-dvrh,1,Updated daily with reports from the past month.,Honolulu,Y,dataset,2024-12-02T17:00:19.000Z,2015-02-27T00:55:31.000Z,2024-12-02T17:00:19.000Z,"['dateupdated', 'location', 'id', 'datecreated', 'location_city', 'location_state', 'zipcode', 'location_address', 'description', 'city', 'requesttype', ':@computed_region_7asa_3qps', 'statustype', 'location_zip']","['', '', '', '', '', '', '', '', '', '', '', '', '', '']",official,,6hui-dvrh
311 Service Requests - Current Year,arf6-qysm,1,"Public Service Requests submitted via 311 in the current year. A dataset containing Service Requests from 2012 to present is available here: https://data.calgary.ca/Services-and-Amenities/311-Service-Requests/iahh-g8bj


For more information on 311 Calgary, or to submit a request, visit http://www.calgary.ca/CFOD/CSC/Pages/311.aspx",The City of Calgary,N,dataset,2024-12-02T15:51:42.000Z,2019-10-25T21:23:39.000Z,2024-12-02T15:51:42.000Z,"['service_request_id', 'requested_date', 'updated_date', 'closed_date', 'status_description', 'source', 'service_name', 'agency_responsible', 'address', 'comm_code', 'comm_name', 'location_type', 'longitude', 'latitude', 'point']","['The unique identifier for an individual request.', 'The date the request was submitted.', 'The most recent date the request was updated.', 'The date the request was closed.', 'The current status of the request (e.g. open, closed).', 'The channel used to submit the request.', 'The type of service requested.', 'The department responsible for this request.', 'The location of the service request (if applicable).', 'The community code associated with the service request location.', 'The community name associated with the service request location.', 'The type of location information provided for this service request. (None, Community Centrepoint, or Service Request Location).', 'The longitude of the service request.', 'The latitude of the service request.', 'The spatial coordinates based on latitude and longitude.']",official,,arf6-qysm
311 Service Requests,iahh-g8bj,1,"Public Service Requests submitted via 311 from 2012 to present. 

For more information on 311 Calgary, or to submit a request, visit http://www.calgary.ca/CFOD/CSC/Pages/311.aspx",The City of Calgary,N,dataset,2024-12-02T14:54:53.000Z,2019-06-12T20:00:58.000Z,2024-12-02T14:54:53.000Z,"['longitude', 'comm_name', 'agency_responsible', 'service_name', 'updated_date', 'requested_date', 'latitude', 'comm_code', 'closed_date', 'service_request_id', 'location_type', 'point', 'status_description', 'source', 'address', ':@computed_region_p8tp_5dkv', ':@computed_region_kxmf_bzkv', ':@computed_region_4a3i_ccfj', ':@computed_region_4b54_tmc4']","['The longitude of the service request.', 'The community name associated with the service request location.', 'The department responsible for this request.', 'The type of service requested.', 'The most recent date the request was updated.', 'The date the request was submitted.', 'The latitude of the service request.', 'The community code associated with the service request location.', 'The date the request was closed.', 'The unique identifier for an individual request.', 'The type of location information provided for this service request. (None, Community Centrepoint, or Service Request Location).', 'The spatial coordinates based on latitude and longitude.', 'The current status of the request (e.g. open, closed).', 'The channel used to submit the request.', 'The location of the service request (if applicable).', '', '', '', '']",official,,iahh-g8bj
311 Call Center Reported Issues,d4px-6rwg,1,"This is the new 311 call center data from MyKCMO, which replaced PeopleSoft CRM on March 4th, 2021. Detailed work order data and resolution of requests may not be found in this system as this represents 311 requests only; for more information see those specific departments.

For older data from PS CRM, please see https://data.kcmo.org/311/311-Call-Center-Service-Requests-2007-March-2021/7at3-sxhp",311 Call Center,Y,dataset,2024-12-02T14:48:35.000Z,2021-03-04T16:55:23.000Z,2024-12-02T14:48:35.000Z,"[':@computed_region_vrdq_ghvi', 'workorder_', ':@computed_region_w4hf_t6bp', ':@computed_region_k7in_q28t', ':@computed_region_qizh_zmq5', 'additional_questions', ':@computed_region_my34_vmp8', 'department_work_group', 'issue_sub_type', 'issue_type', 'report_source', 'open_date_time', 'lat_long', 'council_district', 'source_category', 'current_status', 'reported_issue', 'resolved_date', 'last_updated', 'days_to_close', ':@computed_region_9t2m_phkm', 'incident_address', ':@computed_region_kk66_ngf4', 'longitude', 'latitude']","[""This column was automatically created in order to record in what polygon from the dataset 'Community Improvement District' (vrdq-ghvi) the point in column 'lat_long' is located.  This enables the creation of region maps (choropleths) in the visualization canvas and data lens."", 'For integrated systems such as Cartegraph or EnerGov, the other system will have its own identifier column. ', ""This column was automatically created in order to record in what polygon from the dataset 'Zip Codes' (w4hf-t6bp) the point in column 'lat_long' is located.  This enables the creation of region maps (choropleths) in the visualization canvas and data lens."", '', ""This column was automatically created in order to record in what polygon from the dataset 'City Council Districts (effective 2023)' (qizh-zmq5) the point in column 'lat_long' is located.  This enables the creation of region maps (choropleths) in the visualization canvas and data lens."", 'Any additional questions configured in MyCivic to collect information about the issue. Format concatenates all questions into a single field.', ""This column was automatically created in order to record in what polygon from the dataset 'County Boundary' (my34-vmp8) the point in column 'lat_long' is located.  This enables the creation of region maps (choropleths) in the visualization canvas and data lens."", 'Work group assigned to this type of Issue/Subissue by default. Usually part of a City Department or Division.', 'Narrower subcategory of issue.', 'Broad category of issue.', 'Source of the reported issue; this may be through the mobile apps, the calltakers within the City, or the web form.', 'Date and time that the issue was reported originally.', '', ""Councilmatic district of the reported issue's address or location."", 'Aggregate field, combining externally-driven sources (web, Android and iOS) and internally-generated sources (phone, email, fax, etc)', 'Current status of the reported issue.', 'Issue identifier. Format varies based on which work order system the issue belongs to.', 'Date and time that the issue was marked as resolved.', 'last update for the issue. may not be accurate or filled in for cases created prior to June 2021.', 'Days between opening and closing the reported issue, rounded down. If the issue is still open, this is the number of days it has been open. ', ""This column was automatically created in order to record in what polygon from the dataset 'Council Districts' (9t2m-phkm) the point in column 'lat_long' is located.  This enables the creation of region maps (choropleths) in the visualization canvas and data lens."", 'The address originally reported ', ""This column was automatically created in order to record in what polygon from the dataset 'Neighborhood Census' (kk66-ngf4) the point in column 'lat_long' is located.  This enables the creation of region maps (choropleths) in the visualization canvas and data lens."", '', '']",official,,d4px-6rwg
Service requests received by the Oakland Call Center (OAK 311),quth-gb8e,1,"REQUESTID = The service request number. This should be shown as an integer without decimals. 5-digit REQUESTIDs were imported from the Recycling Hotline’s prior tracking system when they switched to the same system as the Oakland Call Center in August 2012. All others are 6 digits. 

DATETIMEINIT = The Date that the request was initiated. 

SOURCE = Indicates if the request was received via SeeClickFix or the OAK 311 mobile app, via the legacy Report A Problem website, or via (Phone or Email). 

DESCRIPTION = Type of issue. Most of these are self-explanatory. Notes: “test template” and “This is a test subject. Ignore this ticket.” were for testing/training purposes only. Descriptions starting with “Business” “City Services” “CityBldg” (no space) “Events” “Misc” are/were used by the Recycling Hotline “TE” means “Traffic Engineering” 

REQCATEGORY = Request Category 

REQADDRESS = Request Address An address of ZZ indicates that the address was not recorded, usually this is for general inquiries to the Recycling Hotline. 


STATUS = The status as of date of upload. PENDING: Request received for review OPEN: Request assigned to work unit WOCREATE: Work Order created for work to be done (not all work units use this status, so Open service requests may also have work orders created for work to be done) CLOSED: Request is resolved REFERRED: Oakland Call Center received the request and forwarded it to another entity (see REFERREDTO) UNFUNDED: Request is for an service that the City is not funded to provide CANCEL: Request was canceled, generally because it was created erroneously, it was used for testing/training, or it is a request that was received that duplicated an existing unresolved request WAITING ON CUSTOMER: Request involves a process where customer needs to provide information requested by staff EVALUATED - NO FURTHER ACTION: Staff has evaluated the service request and no further action will be taken (e.g., limited resources, temporary issue, staff alerted to ongoing issue, professional judgement says to leave situation as-is, unable to provide requested action) GONE ON ARRIVAL: Staff went to location and was unable to verify the issue

DATETIMECLOSED = The Date that the request was closed 

SRX, SRY= Coordinates of the issue. Note that this is in NAD_1983_StatePlane_California_III_FIPS_0403_Feet, not latitude/longitude. 

REFERREDTO = If the status is Referred, this shows who it was referred to. 

COUNCILDISTRICT = City Council District of the REQADDRESS.

BEAT = Police Beat of the REQADDRESS (see http://mapgis.oaklandnet.com/PoliceDistricts/ for a map of police beats)",City of Oakland Public Works / Department of Transportation,Y,dataset,2024-12-02T14:01:36.000Z,2013-04-16T17:57:36.000Z,2024-12-02T14:01:36.000Z,"['zipcode', ':@computed_region_w23w_jfhw', 'state', 'city', 'probaddress', 'beat', 'councildistrict', 'sry', 'reqaddress_zip', 'srx', 'reqaddress_state', 'datetimeclosed', 'referredto', 'reqaddress_city', 'reqaddress_address', 'status', 'reqaddress', 'reqcategory', 'description', 'source', 'datetimeinit', 'requestid']","['', '', '', '', '', 'Police Beat', 'City Council District of the REQADDRESS.', 'Coordinates of the issue. Note that this is in NAD_1983_StatePlane_California_III_FIPS_0403_Feet, not latitude/longitude.', '', 'Coordinates of the issue. Note that this is in NAD_1983_StatePlane_California_III_FIPS_0403_Feet, not latitude/longitude.', '', 'The Date that the request was closed', ' If the status is Referred, this shows who it was referred to.', '', '', 'STATUS = The status as of date of upload. PENDING: Request received for review OPEN: Request assigned to work unit WOCREATE: Work Order created for work to be done (not all work units use this status, so Open service requests may also have work orders created for work to be done) CLOSED: Request is resolved REFERRED: Oakland Call Center received the request and forwarded it to another entity (see REFERREDTO) UNFUNDED: Request is for an service that the City is not funded to provide CANCEL: Request was canceled, generally because it was created erroneously, it was used for testing/training, or it is a request that was received that duplicated an existing unresolved request WAITING ON CUSTOMER: Request involves a process where customer needs to provide information requested by staff EVALUATED - NO FURTHER ACTION: Staff has evaluated the service request and no further action will be taken (e.g., limited resources, temporary issue, staff alerted to ongoing issue, professional judgement says to leave situation as-is, unable to provide requested action) GONE ON ARRIVAL: Staff went to location and was unable to verify the issue', 'Request Address', 'Request Category', 'Type of issue. Most of these are self-explanatory. Notes: “test template” and “This is a test subject. Ignore this ticket.” were for testing/training purposes only. Descriptions starting with “Business” “City Services” “CityBldg” (no space) “Events” “Misc” are/were used by the Recycling Hotline “TE” means “Traffic Engineering”', 'Indicates if the request was received via SeeClickFix, via the Report A Problem website at www.oaklandpw.com, or via (Phone or Email).', 'The Date that the request was initiated.', 'The service request number. This should be shown as an integer without decimals. 5-digit REQUESTIDs were imported from the Recycling Hotline’s prior tracking system when they switched to the same system as the Oakland Call Center in August 2012. All others are 6 digits.']",official,,quth-gb8e
Commonwealth Connect Service Requests,2z9k-mv9g,1,"Non-emergency service requests submitted through Cambridge's Commonwealth Connect application powered by SeeClickFix Open311. 

Please note that the City of Cambridge uses Commonwealth Connect to track both public and internal work orders. Occasionally, a ticket will change from internal to public, or vice-versa. All tickets that originated as public requests are included in this dataset. However, technical constraints prevent us from displaying information for tickets that originated as internal work orders.

Prior to using Commonwealth Connect, the City utilized iReport. Three open datasets derive from historical iReport data: 
-Pothole Repair Requests (https://data.cambridgema.gov/Public-Works/Pothole-Repair-Requests/h2y4-rf5c)
-Graffiti Cleanup Requests (https://data.cambridgema.gov/Public-Works/Graffiti-Clean-Up-Requests/hk2d-8z9b)
-Unshoveled/Icy Sidewalk Complaints (https://data.cambridgema.gov/Public-Works/Unshoveled-Icy-Sidewalk-Complaints/72bt-ct3c)
-Snow/Ice Sidewalk Ordinance Violations (https://data.cambridgema.gov/Public-Works/Snow-Ice-Sidewalk-Ordinance-Violations/q8b2-58ab)",Cambridge,Y,dataset,2024-12-02T12:33:31.000Z,2016-03-23T20:21:33.000Z,2024-12-02T12:33:31.000Z,"['address', 'ticket_last_updated_date_time', 'acknowledged_at', 'lng', 'ticket_created_date_time', 'ticket_id', 'location_state', 'issue_type', 'lat', 'ticket_closed_date_time', 'issue_description', 'issue_category', 'location_address', 'location_zip', 'ticket_status', 'image', 'city', 'location', ':@computed_region_rcj3_ccgu', ':@computed_region_guic_hr4a', ':@computed_region_v7jj_366k', ':@computed_region_rffn_qbt6', ':@computed_region_swkg_bavi', 'html_url', 'location_city']","['The relevant address for each ticket. ', '', '', 'the longitude for each ticket. ', 'The date and time when each ticket was opened. ', 'The unique ID associated with each SeeClickFix ticket', '', 'The subject of each SeeClickFix ticket. ', 'The latitude for each ticket. ', 'The date and time when each closed ticket was resolved. Not applicable for open tickets. ', 'User submitted description of the issue associated with each ticket.', 'The category of each SeeClickFix ticket. ', '', '', ""Each ticket's current status. Closed tickets have been resolved. "", 'An image associated with the ticket. SeeClickFix users have the option of submitting a photo when submitting a ticket. ', '', 'The lat/lon coordinates for each ticket. ', '', '', '', '', '', '', '']",official,,2z9k-mv9g
311 Citizen Requests for Service,7ixm-mnvx,1,"This dataset includes all requests for service received from the City-Parish 311 Call Center, including requests for service submitted online and through the Red Stick 311 mobile application, dating back to January 1, 2016. Submitter names, phone numbers, and e-mail addresses are redacted for privacy purposes. Data is updated daily from the Public Works Business Office and 311 Call Center.

Phone numbers are redacted to protect the contact information and privacy of citizens by replacing raw digits with XXX-XXX-XXXX. For any questions about this process, please contact opendata@brgov.com.",Baton Rouge,Y,dataset,2024-12-02T12:24:18.000Z,2016-10-05T14:36:26.000Z,2024-12-02T12:24:18.000Z,"['comments', 'streetnum', 'streetname', ':@computed_region_qfmj_2fwi', ':@computed_region_ntzg_c2w3', ':@computed_region_8tu6_j4iw', ':@computed_region_hfgy_t898', 'division', 'geolocation_state', 'id', ':@computed_region_92rf_uvyc', 'lastaction', 'closeddate', 'deptdivid', 'geolocation', 'longitude', 'deptdiv', 'latitude', 'cityname', 'crossname', 'streetaddress', 'parenttype', 'createdate', 'statusdesc', ':@computed_region_jrqt_zu77', ':@computed_region_uvg4_nwq8', ':@computed_region_i2e6_956r', 'geolocation_address', 'status', 'department', 'geolocation_city', 'geolocation_zip', 'typeid', 'parentid', ':@computed_region_8siy_mghw', ':@computed_region_tm4z_r3je', ':@computed_region_tqy7_429i', 'typename']","['Any comments submitted by the reporting citizen associated with the request for service or issue to be resolved.', 'The street number of the address where services are needed or issues need to be resolved.', 'The name of the street where services are needed or issues need to be resolved.', '', '', '', '', 'The City-Parish division responsible for responding to the requested service or reported issue, which is a division of the department noted in the Department field.', '', 'Unique identifier assigned to each citizen request for service for tracking and resolution purposes.', '', 'The date of the most recent adjustment or notation to this service request, as noted by the responding department/division. Typically, this field will match that of the closed date if a request has been resolved or closed.', 'The date the service request was closed due to the request  as being addressed or the issue  being resolved, confirmed by the responding department/division.', 'The ID of the City-Parish department and division responsible for responding to the requested service or reported issue.\n', '', 'The longitude coordinates of the issue or request for service for geocoding purposes.', 'The City-Parish department and division responsible for responding to the requested service or reported issue - matches that of the DeptDivID field.', 'The latitude coordinates of the issue or request for service for geocoding purposes.', 'The city of the reported issue - Baton Rouge, Baker, Zachary, or Central. Issues reported in the unincorporated areas of East Baton Rouge Parish or without city information are reported as East Baton Rouge.', 'Any cross street information available as reported by the submitting citizen (for example, at an intersection).', 'The full street address where service are needed or issues need to be resolved.', 'The parent type of service request - matches that of the ParentID field.', ""The date the service request was created within the City-Parish's 311 service request and complaint tracking system, either by phone, online, or via web app."", 'Matches Status ID - Open, Closed, or In Progress.', '', '', '', '', 'Status of service request 0 = Open, 1 = Closed, 3 = In Progress.', 'The City-Parish department with oversight over the requested service or reported issue.', '', '', 'The specific type of service request represented by the request ID.\n', 'The parent category ID of the type of service request (typename) as organized within the City-Parish 311 Citizen Request system.\n', '', '', '', 'A description of the type of service request represented by the request ID - matches that of the TypeID field.']",official,,7ixm-mnvx
311 Cases - COB,bscu-qpbu,1,"The 311 Cases dataset represents service request or inquiry calls, emails and online requests submitted to the City of Berkeley.","Berkely, CA",Y,dataset,2024-12-02T12:23:39.000Z,2017-08-16T18:12:44.000Z,2024-12-02T12:23:39.000Z,"['object_type', 'neighborhood', 'location_state', 'city', 'street_address', 'location_address', 'location_city', 'state', 'location_zip', 'date_closed', 'case_id', 'latitude', 'request_category', 'location', 'request_subcategory', 'request_detail', 'apn', 'longitude', 'date_opened', 'case_status', ':@computed_region_u3y2_d2ws', ':@computed_region_3ini_iehf', ':@computed_region_fhmw_rucx', ':@computed_region_5s6d_2f32', ':@computed_region_x3q3_gi3e', ':@computed_region_5bih_7r3y', ':@computed_region_b3wi_w8ix']","['', '', '', '', '', '', '', '', '', '', '', '', '', '', '', '', '', '', '', '', ""This column was automatically created in order to record in what polygon from the dataset 'Council Districts_from_c8zs_8y7x' (u3y2-d2ws) the point in column 'location' is located. This enables the creation of region maps (choropleths) in the visualization canvas and data lens."", ""This column was automatically created in order to record in what polygon from the dataset 'Police Beats' (3ini-iehf) the point in column 'location' is located. This enables the creation of region maps (choropleths) in the visualization canvas and data lens."", ""This column was automatically created in order to record in what polygon from the dataset 'Council Districts_from_hg3u_n7v4' (fhmw-rucx) the point in column 'location' is located. This enables the creation of region maps (choropleths) in the visualization canvas and data lens."", ""This column was automatically created in order to record in what polygon from the dataset 'Zip Codes' (5s6d-2f32) the point in column 'location' is located. This enables the creation of region maps (choropleths) in the visualization canvas and data lens."", ""This column was automatically created in order to record in what polygon from the dataset 'Council Districts' (x3q3-gi3e) the point in column 'location' is located. This enables the creation of region maps (choropleths) in the visualization canvas and data lens."", ""This column was automatically created in order to record in what polygon from the dataset 'Census Tracts' (5bih-7r3y) the point in column 'location' is located. This enables the creation of region maps (choropleths) in the visualization canvas and data lens."", ""This column was automatically created in order to record in what polygon from the dataset 'Council Districts_uniq_prepend' (b3wi-w8ix) the point in column 'location' is located. This enables the creation of region maps (choropleths) in the visualization canvas and data lens.""]",official,,bscu-qpbu
Little Rock 311 Service Calls 2016 to Year To Date,2x6n-j9fb,1,This dataset displays the 311 service requests to the City from January 2016 through year to date.,Little Rock,Y,dataset,2024-12-02T12:16:33.000Z,2018-01-26T18:25:40.000Z,2024-12-02T12:16:33.000Z,"['latitude', 'request_outcome', 'issue_sub_category', 'ticket_created_date_time', 'longitude', 'neighborhood_district', 'street_address', 'ticket_closed_date_time', 'ticket_method_received', 'ticket_id', 'issue_type', 'request_activity', 'city', 'zip', 'new_geocoded_address', 'ticket_status', ':@computed_region_efe8_9vpd', ':@computed_region_r36e_4rwh', ':@computed_region_2m93_nqiv', ':@computed_region_bvk6_adqe', ':@computed_region_sik9_b88c', ':@computed_region_hjy3_kwkw', ':@computed_region_kp8k_tt9x', ':@computed_region_t2qk_n4g3', ':@computed_region_sh95_mkgw', ':@computed_region_3ti5_7qwp', ':@computed_region_kais_bab8']","['', 'Outcome on Code Enforcement service requests', 'A description of the sub-category type of service request ', ""The date the service request was created within the City's 311 service request tracking system"", '', 'City Ward', 'The full street address where service are needed or issues need to be resolved', 'The date the service request was closed due to the request being addressed or the issue being resolved, confirmed by the responding department/division', 'Method by which the 311 request was received', 'Unique identifier assigned to each citizen request for service for tracking and resolution purposes', 'A description of the parent type of service request ', 'Activity completed by City staff on Code Enforcement service requests', '', '', '', 'Matches Status ID Open or Closed', '', '', '', '', ""This column was automatically created in order to record in what polygon from the dataset 'LRPD Patrol Districts 2020' (sik9-b88c) the point in column 'new_geocoded_address' is located.  This enables the creation of region maps (choropleths) in the visualization canvas and data lens."", ""This column was automatically created in order to record in what polygon from the dataset 'Patrol Districts' (hjy3-kwkw) the point in column 'new_geocoded_address' is located.  This enables the creation of region maps (choropleths) in the visualization canvas and data lens."", ""This column was automatically created in order to record in what polygon from the dataset 'Neighborhood Associations' (kp8k-tt9x) the point in column 'new_geocoded_address' is located.  This enables the creation of region maps (choropleths) in the visualization canvas and data lens."", ""This column was automatically created in order to record in what polygon from the dataset 'Wards' (t2qk-n4g3) the point in column 'new_geocoded_address' is located.  This enables the creation of region maps (choropleths) in the visualization canvas and data lens."", ""This column was automatically created in order to record in what polygon from the dataset 'Neighborhood Association Boundaries' (sh95-mkgw) the point in column 'new_geocoded_address' is located.  This enables the creation of region maps (choropleths) in the visualization canvas and data lens."", ""This column was automatically created in order to record in what polygon from the dataset 'Neighborhood Association Boundaries 2019' (3ti5-7qwp) the point in column 'new_geocoded_address' is located.  This enables the creation of region maps (choropleths) in the visualization canvas and data lens."", ""This column was automatically created in order to record in what polygon from the dataset 'Little Rock Ward Boundaries' (kais-bab8) the point in column 'new_geocoded_address' is located.  This enables the creation of region maps (choropleths) in the visualization canvas and data lens.""]",official,,2x6n-j9fb
311 Service Requests for Fiscal Year 2020 - 2021 Street,s3gf-a952,1,"There are over 400 service requests types that are reported in the 311 system that affect the quality of life of our citizens, neighborhoods, and communities. The most popular service requests include but are not limited to animal services requests, high weeds, junk motor vehicles, and a number of other code compliance-related issues. Requests regarding streets and mobility (such as street and pot hole repair) are also common as well as requests to address environmental issues such as water conservation and air quality concerns.

This dataset represents all Service Requests related to service requests regarding streets for the fiscal year time period of October 1, 2020 to September 30, 2021.",Dallas,Y,dataset,2024-12-02T11:15:08.000Z,2020-09-25T15:10:29.000Z,2024-12-02T11:15:08.000Z,"['closed_date', 'service_request_type', 'method_received_desc', 'overall_service_request_due', 'department', 'address', 'service_request_number', 'unique_key', 'updated_date', 'city_council_district', 'created_date', 'status', 'outcome', 'ert_measured_in', 'priority', 'lat_long_value', 'ert_estimated_response_time']","['The date the request was completed and closed', 'The type of service being requested', 'Describes the method the service request was received  (I.E. Phone, Web, Mobile Device, etc.)', 'The date the request the department must have the service request completed by for the request to be on time. Requests completed after this date are considered late.', 'The City Department responsible to responding to the request for service', 'The location where the service will take place', 'Tracking number associated with a service request beginning with the last two digits of the year the service request was created.', 'Internal Key', 'The last date an update was made to the request', 'The number of the City Council District where the service will take place', 'The date the service request was submitted', 'Describes the status of the request for service (I.E. New, In Progress, Closed) ', 'A brief statement describing the outcome of the request for service', 'Defines the increments of time the ERT is measured in (I.E. Hours, Calendar Days, Business Days, Etc.)', 'Describes the priorty of the request (Standard, Urgent, Dispatch, etc.)', ""The numeric value of the location's latitude and longitude coordinates"", 'The estimated amount of time it will take the City Department to begin their investigation/response to the request for service']",official,,s3gf-a952
Aggregated Service Requests,bh6e-ahmc,1,"This dataset shows the number of service requests completed each month by type, and the average number of days it took to complete them. These service requests are aggregated from multiple sources, including 311 service requests, SeeClickFix, and requests created by city users. Where applicable, the service level agreement (SLA) is also shown, as well as the number of service requests completed within the SLA, within two times the SLA, and more than two times the SLA.",City of Memphis,Y,dataset,2024-12-02T10:36:06.000Z,2018-10-15T18:44:42.000Z,2024-12-02T10:36:06.000Z,"['request_type', 'month', 'year', 'sla', 'average', 'rowid', 'month_order', 'more_than_2x_sla', 'less_than_2x_sla', 'closed_in_sla', 'total', 'percent_in_sla', 'closed']","['Type of service request', '', '', 'Goal (in number of days) for the City to close a specific request type. SLA stands for ""Service Level Agreement.""', 'Average number of days to close all requests for a specific request type', '', 'Database tool that assigns a number to each month and allows sorting by month order', 'Number of requests closed more than two times the SLA', 'Number of requests closed within two times the SLA', 'Number of requests closed within the SLA', 'Number of service requests completed each month by type', 'Percent of requests closed within the SLA', 'Month and year in which the service requests were closed ']",official,,bh6e-ahmc
311 Generated Service Requests,5r9g-bwpp,1,This dataset shows the types and number of service requests generated from phone calls to 311.,City of Memphis,Y,dataset,2024-12-02T10:36:00.000Z,2018-10-15T18:51:13.000Z,2024-12-02T10:36:00.000Z,"['month_order', 'rowid', 'request_type', 'month', 'date', 'count', 'department', 'year']","['Month order (1=January, 12=December)', '', 'Request type (acronyms correspond to department: SWM = Solid Waste Management, EMI = Environmental Maintenance, CE = Code Enforcement, etc.)', 'Reporting month', 'Month-Year date (rounded to 1st of the month for each reporting month)', 'Number of 311-generated service requests per department for each reporting month', 'City department', 'Reporting year']",official,,5r9g-bwpp
311 Service Request,4her-3th5,1,"Service Requests received by 311. The following Service Requests have their location randomized: Dog Complaints, Graffiti, Mosquito Complaints, Neighborhood Liveability Complaints, Sewer Backups, and Vacant or Derelict Building Complaints.  The randomization function changes the location to less than 500m in the X and Y directions, and always within the same neighbourhood.  The randomization occurs as a mechanism to ensure privacy for sensitive service requests.",,N,dataset,2024-12-02T10:24:08.000Z,2015-07-22T16:11:25.000Z,2024-12-02T10:24:08.000Z,"['location_1_state', 'service_area', ':@computed_region_66r8_mmhg', 'ward', 'neighbourhood', 'location_1', 'point', 'location_1_city', 'service_request', 'sr_date', ':@computed_region_4h47_8kp6', 'location_1_address', ':@computed_region_38v8_cedi', 'location_1_zip', ':@computed_region_6rfj_69jf']","['', '', ""This column was automatically created in order to record in what polygon from the dataset 'Electoral Ward 2018' (66r8-mmhg) the point in column 'point' is located.  This enables the creation of region maps (choropleths) in the visualization canvas and data lens."", 'Electoral Ward', 'Neighbourhood Characterisation Area', '', '', '', '', 'Service Request Date', '', '', '', '', '']",official,,4her-3th5
Service Requests since 2016,hmd4-ddta,1,This dataset contains all service requests that were created since 01-January-2016,City of Memphis,Y,dataset,2024-12-02T08:16:37.000Z,2018-12-12T21:04:52.000Z,2024-12-02T08:16:37.000Z,"['department', 'creation_date', 'collection_day', 'request_status', 'last_update_date', 'incident_type_id', ':@computed_region_gxae_hf64', 'group_name', 'followup_date', 'created_by_user', 'city', 'reported_date', 'sub_district', 'resolution_code_meaning', 'next_open_task_date', 'last_updated_by', 'full_address', 'division', 'close_date', 'category', ':@computed_region_ni4r_4h6x', ':@computed_region_h7zg_xcqb', ':@computed_region_xf2b_u4zq', ':@computed_region_me95_vbw4', 'zone', 'parcel_id', 'incident_number', 'area', 'resolution_summary', 'number_of_tasks', 'address3', 'last_update_login', 'target_block', 'swm_code', 'street_name', 'state', 'sr_creation_channel', 'request_priority', 'map_page', 'last_modified_date', 'incident_resolved_date', 'summary_1', 'created_by', 'mlgw_on', 'mlgw_status', 'location1', 'owner_name', 'postal_code', 'address1', 'ce_category', 'address2', 'resolution_code', 'request_type', 'location_1', 'incident_id', 'district']","['City department responsible for service request (departments fall within divisions)', 'Auto-generated service request creation date (may be after user-reported REPORTED_DATE if person waited to submit request)', 'Scheduled collection day', 'Request status: Open, In Progress, Closed, etc. ', 'Date service request last updated (auto-generated)', 'Incident type ID', '', 'Group responsible for service request (similar to Division/Department)', 'Followup date', 'User who created service request', 'City (Memphis)', 'User-submitted service request report date', 'Council sub-district in which SR incident is located', 'Resolution code meaning', 'Next open task date', '-', 'Full service request address with city, state and zip code', 'City division responsible for service request ', 'Date service request status changed to ""Closed""', 'Incident category', '', '', '', '', '', '-', 'Unique incident number', 'Service request area', 'Summary of incident resolution/actions taken', 'Number of tasks', 'Service request address3', '-', '', 'Solid Waste Management code', 'SR street name', 'SR state (TN)', 'Service request creation channel (phone or web)', 'Request priority: High, Medium, or Low', '-', 'Date service request last modified (user-generated)', 'Date service request status changed to ""Resolved""', '', '-', 'Last date MLGW utility services were turned on', 'MLGW status', '', 'Owner name', 'Service request zip code', 'Service request address', 'Code enforcement category', 'Service request address2', 'Code indicating how the incident was resolved and/or actions taken to address the service request', 'Request type (acronyms correspond to department: SWM = Solid Waste Management, EMI = Environmental Maintenance, CE = Code Enforcement, etc.)', 'Incident location', 'Unique incident ID', 'City council district in which SR incident address is located']",official,,hmd4-ddta
311 OPCD Calls (2012-Present),2jgv-pqrq,1,This dataset represents calls to the Orleans Parish Communications District 311 Call Center and historical calls to the City of New Orleans' 311 Call Center.,New Orleans,Y,dataset,2024-12-02T08:10:08.000Z,2019-01-02T13:59:10.000Z,2024-12-02T08:10:08.000Z,"['rowid', 'final_address', 'case_close_date', 'request_type', 'geocoded_column_state', 'longitude', 'status', 'address_councildis', 'responsible_agency', 'request_reason', 'service_request', 'final_y', 'final_x', 'latitude', 'date_modified', 'date_created', 'contractor_action', 'request_status', 'geocoded_column', 'geocoded_column_city', 'geocoded_column_zip', 'geocoded_column_address', 'contractor', ':@computed_region_u4yh_3wk9', ':@computed_region_evki_aju8', ':@computed_region_sikx_bdeb', ':@computed_region_spev_d8jm', ':@computed_region_7fw3_kdpf', ':@computed_region_m56f_hbma', ':@computed_region_k37d_then', ':@computed_region_ewbu_t8bu']","['', '', '', '', '', '', '', '', '', '', '', '', '', '', '', '', '', '', '', '', '', '', '', '', '', '', '', '', '', '', '']",official,,2jgv-pqrq
"311 Service, Information, and Feedback Requests",4pyi-uqq6,1,This dataset includes data starting in July 2015. This dataset was updated in November 2023 to include Feedback and Information Requests in addition to Service Requests. Please redownload the data for the most up to date information. This dataset will be updated monthly.,Somerville,Y,dataset,2024-12-02T07:01:02.000Z,2019-12-11T16:57:14.000Z,2024-12-02T07:01:02.000Z,"['ward', 'origin_of_request', 'type_id', 'courtesy', 'ease', 'accuracy', 'classification', 'most_recent_status', 'most_recent_status_date', 'type', 'category', 'id', 'date_created', 'block_code', 'overallexperience']","['Ward associated with the request', 'Platform the request was created on', '', '', '', '', 'Was this a informational, service, or feedback request', 'Current Status of the Request', 'Date this ticket was last updated', 'Request type', 'Category of 311 request', 'Ticket ID', 'Date the request was created', 'Block code the request is associated with', '']",official,,4pyi-uqq6
MC311 Service Requests,xtyh-brr2,1,"Information on all MC311 Service Requests received (via email or phone) since July 1, 2012.  This data is updated daily.
The PIO’s business requirement includes adding the following data elements to the new and enhanced open data site being proposed by DTS.  This data is derived from requests for service which originate in the CSC, from the County’s web portal, and via “walk-ins” from county departments including but not limited to DHCA.
•	SLA – to indicate the number of days in county business days the department has to fulfill the request.  County business days must exclude weekends, county holidays and days when the county is closed due to inclement weather (snow days, etc) per CountyStat’s business requirement.  This field has been published in the existing MC311 Service Requests dataset with the field name ‘Attached Solution SLA Days’.
•	+/- SLA –to indicate the number of days a service request is over or under SLA as is currently measured by CountyStat. The following 4 fields will be added to fulfill this line item
	# of days open – Number of County Business days the Service Request has been opened.
	Within SLA Window? - To indicate the number of days a service request is over or under SLA as is currently measured by CountyStat.
	SLA Yes – Number of days to fulfill the service request  is under the SLA window.
	SLA No -– Number of days to fulfill the service request  is over the SLA window.","Montgomery County, MD Government",Y,dataset,2024-12-02T06:17:27.000Z,2012-08-20T12:14:39.000Z,2024-12-02T06:17:27.000Z,"['number_of_days_open', 'x_mdstatedist', 'x_electiondist', 'sr_subtype_cd', 'faq_ques_text', 'sr_sub_area', 'created', 'within_sla_window', 'x_sla', 'sr_area', 'x_city', 'sr_num', 'sla_yes', 'last_upd', 'x_cong_memb', 'department', 'x_zipcode', 'x_councilmbr', 'x_councildist', 'x_state', 'sr_type', 'sla_no', 'closed', 'x_congdist', 'sr_stat_id']","['Number of County Business days the Service Request has been opened.', 'Maryland State Election District number, where location is available', 'Election District, where location is available', 'Source for receiving the Service Request (examples: Web, Phone)', 'Describes the solution selected to resolve the Service Request', 'Sub-Area in the County Department/Area assigned to resolve the Service Request', 'Date & Time the MC311 Service Request was opened', 'To indicate the number of days a service request is over or under SLA as is currently measured by CountyStat.', 'Service Level Agreement (SLA) for the number of days expected for the attached solution to resolve the Service Request', 'Area in the County Department assigned to resolve the Service Request', 'City location for the Service Request (where available)', 'Service Request ID Number (unique identifier) assigned by the MC311 Call Center', 'Number of days to fulfill the service request  is under the SLA window.', 'Date & Time the MC311 Service Request record was last updated in the system', 'U. S. Congress Member for the location, where location is available', 'Code for the County Department assigned to resolve the Service Request', '5 digit postal Zip Code for the Service Request (where available)', 'Montgomery County Council Member for the location, where location is available', 'Montgomery County Council District, where location is available', 'State location for the Service Request', 'Type of Request - General Information or Service Request Fulfillment', 'Number of days to fulfill the service request  is over the SLA window.', 'Date & Time the MC311 Service Request was closed', 'U. S. Congressional District, where location is available', 'Current status (since the last daily update) of the MC311 Service Request (Closed, In Progress)']",official,,xtyh-brr2
Cincinnati 311 (Non-Emergency) Service Requests,4cjh-bm8b,1,"Data Description: This dataset captures All Cincinnati 311 (Non-Emergency) Service Requests from 2012 to present including how long customer service requests have been open, by location, service request type, and department work group. Citizen Service Requests (CSR) give Cincinnati residents the opportunity to submit service request for concerns like potholes, tall grass and missed trash pick-up. 
 
Data Creation: Using the Fix It Cincy! Mobile App, the customer service request online portal and the hotline (513-591-6000), citizen service requests are routed directly to City departments, including Transportation & Engineering, Buildings & Inspections, Health and Public Services. Once the department's work on the service request ticket is completed and the request is marked as ""closed,"" customers receive an email notification that the work has been completed, followed by a link to an optional customer service feedback survey.

Data Created By: The source of this data is the CAGIS.

Refresh Frequency: This data is updated daily.

CincyInsights: The City of Cincinnati maintains an interactive dashboard portal, CincyInsights in addition to our Open Data in an effort to increase access and usage of city data. This data set has an associated dashboard available here: https://insights.cincinnati-oh.gov/stories/s/ve9a-xare

Data Dictionary: A data dictionary providing definitions of columns and attributes is available as an attachment to this dataset.

Processing: The City of Cincinnati is committed to providing the most granular and accurate data possible. In that pursuit the Office of Performance and Data Analytics  facilitates standard processing to most raw data prior to publication. Processing includes but is not limited: address verification, geocoding, decoding attributes, and addition of administrative areas (i.e. Census, neighborhoods, police districts, etc.).

Data Usage: For directions on downloading and using open data please visit our How-to Guide: https://data.cincinnati-oh.gov/dataset/Open-Data-How-To-Guide/gdr9-g3ad",City of Cincinnati,Y,dataset,2024-12-02T05:13:31.000Z,2015-03-20T14:53:48.000Z,2024-12-02T05:13:31.000Z,"['service_name', 'requested_date', 'updated_date', 'requested_datetime', 'last_table_update', 'longitude', 'latitude', 'zipcode', 'expected_datetime', 'address', 'service_code', 'description', 'status_notes', 'agency_responsible', 'service_notice', 'address_id', 'jurisdiction_id', 'service_request_id', 'status', 'updated_datetime']","['', '', '', '', '', '', '', '', '', '', '', '', '', '', '', '', '', '', '', '']",official,,4cjh-bm8b
311 Service Requests from 2010 to Present,erm2-nwe9,1,"<b>NOTE:</b> The 311 dataset is currently showing incorrect values in the ""Agency Name"" column. Please use the ""Agency"" column in the interim while this is being resolved.
<p>
All 311 Service Requests from 2010 to present. This information is automatically updated daily.
</p>",NYC,Y,dataset,2024-12-02T02:32:55.000Z,2011-10-10T05:52:17.000Z,2024-12-02T02:32:55.000Z,"['community_board', 'longitude', ':@computed_region_efsh_h5xi', ':@computed_region_f5dn_yrer', ':@computed_region_yeji_bk3q', ':@computed_region_92fq_4b7q', ':@computed_region_sbqj_enih', ':@computed_region_7mpf_4k6g', 'incident_zip', 'cross_street_1', 'intersection_street_1', 'bridge_highway_direction', 'status', 'borough', 'park_borough', 'taxi_pick_up_location', 'bbl', 'due_date', 'landmark', 'city', 'latitude', 'street_name', 'location_state', 'cross_street_2', 'location_city', 'location_zip', 'facility_type', 'agency_name', 'closed_date', 'taxi_company_borough', 'location', 'location_address', 'address_type', 'created_date', 'bridge_highway_segment', 'road_ramp', 'bridge_highway_name', 'intersection_street_2', 'agency', 'unique_key', 'x_coordinate_state_plane', 'resolution_description', 'descriptor', 'complaint_type', 'open_data_channel_type', 'y_coordinate_state_plane', 'park_facility_name', 'vehicle_type', 'location_type', 'incident_address', 'resolution_action_updated_date']","['Provided by geovalidation.\n', 'Geo based Long of the incident location\n', '', '', '', '', '', ""This column was automatically created in order to record in what polygon from the dataset 'Police Precinct' (7mpf-4k6g) the point in column 'location' is located.  This enables the creation of region maps (choropleths) in the visualization canvas and data lens."", 'Incident location zip code, provided by geo validation.\n', 'First Cross street based on the geo validated incident location\n', 'First intersecting street based on geo validated incident location\n', 'If the incident is identified as a Bridge/Highway, the direction where the issue took place would be displayed here.\n', 'Status of SR submitted \n', 'Provided by the submitter and confirmed by geovalidation.\n', 'The borough of incident if it is a Parks Dept facility\n', 'If the incident is identified as a taxi, this field displays the taxi pick up location\n', 'Borough Block and Lot, provided by geovalidation. Parcel number to identify the location of location of buildings and properties in NYC.', 'Date when responding agency is expected to update the SR.  This is based on the Complaint Type and internal Service Level Agreements (SLAs).\n', 'If the incident location is identified as a Landmark the name of the landmark will display here\n', 'City of the incident location provided by geovalidation.\n', 'Geo based Lat of the incident location\n', 'Street name of incident address provided by the submitter\n', '', 'Second Cross Street based on the geo validated incident location\n', '', '', 'If available, this field describes the type of city facility associated to the SR\n', 'Full Agency name of responding City Government Agency', 'Date SR was closed by responding agency\n', 'If the incident is identified as a taxi, this field will display the borough of the taxi company. \n', 'Combination of the geo based lat & long of the incident location\n', '', 'Type of incident location information available.\n', 'Date SR  was created\n', 'Additional information on the section of the Bridge/Highway were the incident took place.\n', 'If the incident location was Bridge/Highway this column differentiates if the issue was on the Road or the Ramp.\n', 'If the incident is identified as a Bridge/Highway, the name will be displayed here.\n', 'Second intersecting street based on geo validated incident location\n', 'Acronym of responding City Government Agency\n', 'Unique identifier of a Service Request (SR) in the open data set\n', 'Geo validated, X coordinate of the incident location. \n', 'Describes the last action taken on the SR by the responding agency.  May describe next or future steps. \n', 'This is  associated to the Complaint Type, and provides further detail on the incident or condition. Descriptor values are dependent on the Complaint Type, and are not always required in SR. \n', 'This is the first level of a hierarchy identifying the topic of the incident or condition. Complaint Type may have a corresponding Descriptor (below) or may stand alone.', 'Indicates how the SR was submitted to 311.  i.e. By Phone, Online, Mobile, Other or Unknown.', 'Geo validated,  Y coordinate of the incident location. \n', 'If the incident location is a Parks Dept facility, the Name of the facility will appear here\n', 'If the incident is a taxi, this field describes the type of TLC vehicle. \n', 'Describes the type of location used in the address information \n', 'House number of incident address provided by submitter.\n', 'Date when responding agency last updated the SR.\n']",official,,erm2-nwe9
311 Call Center Inquiry,wewp-mm3p,1,"<b>Please note: Due to pandemic call handling modifications, the activity data since March 2020 does not fully represent the agent-handled calls to 311. The actual calls handled are higher.</b>

The 311 Call Center Inquiry dataset contains information on all agent-handled calls to the City’s 311 information line, including date, time and topic.

Click <a href=""https://data.cityofnewyork.us/api/views/wewp-mm3p/files/5ec79733-6c0b-4f84-b511-936142db396e?download=true&filename=Call%20Center%20Inquiry%20Data%20Dictionary.xlsx"">here </a>for the data dictionary.",NYC,Y,dataset,2024-12-02T02:03:45.000Z,2016-05-12T22:58:27.000Z,2024-12-02T02:03:45.000Z,"['date_time', 'brief_description', 'agency', 'date', 'unique_id', 'inquiry_name', 'agency_name', 'time', 'call_resolution']","['', 'Brief description of the topic.', 'Agency associated with the specific topic', '', '', ""Topic the call center representative used to resolve the customer's inquiry"", '', 'Time the call was received.', 'How the call ended/was resolved.']",official,,wewp-mm3p
311 Requests,q7ua-agfg,1,"Listing of all requests raised to 311, details of each call/transaction and update on the status.

This is anonymized data intended for reporting on trends; if you have a specific reference number for which you would like to check the status, please see the ""check your status"" search box at https://www.edmonton.ca/programs_services/311-city-services.

Due to the volume of data, this dataset contains 311 requests created within the current calendar year and the previous two calendar years.  In January of a given year it will contain 2 years and 1 month of requests; in December of that year it will contain 3 years of requests. For historical data please search for ""311 Requests (YEAR)"" where ""YEAR"" is a year value, e.g. 2018. These will exist for years that no longer exist in this dataset, i.e. ""current year minus three"" will be the greatest year value that has its own single-year dataset.",City of Edmonton,N,dataset,2024-12-01T09:18:30.000Z,2017-11-03T19:41:58.000Z,2024-12-01T09:18:30.000Z,"['ward_location', 'ward_longitude', 'nbhd_location', 'nbhd_longitude', 'nbhd_latitude', 'service_area_service_category', 'service_category_service_area', 'ward', 'neighbourhood', 'referral_type', 'service_description', 'service_category', 'date_created', 'service_area_service_description', 'date_closed', 'nbhd_location_state', 'month', 'month_number', 'ward_latitude', 'row_id', 'ward_location_city', 'count', 'nbhd_location_city', 'ward_location_address', 'status_detail', 'neighbourhood_id', 'year', 'nbhd_location_address', 'request_status', 'ward_location_state', 'service_area', 'interaction_channel', 'ward_location_zip', 'nbhd_location_zip']","['The combination of latitude/longitude for the centroid of the Ward used for mapping purposes.', 'The longitude value for the centroid of the Ward', 'The combination of latitude/longitude for the centroid of the Neighbourhood used for mapping purposes.', 'The longitude value for the centroid of the Neighbourhood', 'The latitude value for the centroid of the Neighbourbhood', 'A combination of Service Area and Service Category so visualizations can be created', 'A combination of Service Category and Service Area so visualizations can be created', 'A unique number give to a geographical area representing a electoral area', 'The name given to a Neighbourhood', 'The action associated with  how the request was handled either information provided or transferred to a business area. ', 'Provides a general description of the service request. ', 'The type of action or service request.', 'The date the service request ticket was created ', 'A combination of Service Area and Service Description so visualizations can be created', 'The date the appropriate City department has investigated the concern and identified steps to resolve your request. Action for resolving the issue may be dependent on priority and weather conditions or your issue has been closed due to lack of information including contact details.', '', 'The Month in which the 311 ticket was created.', 'The numeric Month in which the 311 ticket was created.', 'The latitude value for the centroid of the Ward', 'System generated value for each 311 request created in the system', '', 'A field created to do a sum function for charting purposes (Note: having this would be equivalent to doing a row count).', '', '', 'Certain request types may include additional details describing the progress or action associated with the request. The state of progress the request is at. ', 'Unique number identifier given to Neighbourhoods throughout Edmonton', 'The Year in which the 311 ticket was created.', '', 'The stage at which your request is at, Open or Closed. ', '', 'The business area that is responsible for the service. ', 'The channel or method in which the request was initiated', '', '']",official,,q7ua-agfg
Prince George's County 311,2ywx-ipcd,1,A complete listing of non-emergency 311 service requests for Prince George's County.,PGC OIT,N,dataset,2024-11-20T14:37:38.000Z,2024-10-03T19:31:32.000Z,2024-11-20T14:37:38.000Z,"['date_request_opened', 'agency_responsible', 'request_status', 'location', 'latitude', 'longitude', 'service_request', 'service_group', 'request_name', 'street_address', 'zipcode', 'city']","['', '', '', '', '', '', '', '', '', '', '', '']",official,,2ywx-ipcd
"311 Service Requests October 1, 2020 to Present",d7e7-envw,1,"There are over 400 service requests types that are reported in the 311 system that affect the quality of life of our citizens, neighborhoods, and communities. The most popular service requests include but are not limited to animal services requests, high weeds, junk motor vehicles, and a number of other code compliance-related issues. Requests regarding streets and mobility (such as street and pot hole repair) are also common as well as requests to address environmental issues such as water conservation and air quality concerns.

This dataset represents all Service Requests created for the fiscal year time period of October 1, 2020 to present.",311 Customer Service,N,dataset,2024-10-29T13:07:56.000Z,2020-09-18T19:33:02.000Z,2024-10-29T13:07:56.000Z,"['outcome', 'update_date', 'ert_estimated_response_time', 'address', 'created_date', 'overall_service_request_due_date', 'service_request_type', 'department', 'unique_key', 'status', 'city_council_district', 'method_received_description', 'priority', 'lat_location', 'closed_date', 'service_request_number']","['A brief statement describing the outcome of the request for service', 'The last date an update was made to the request', 'The estimated amount of time it will take the City Department to begin their investigation/response to the request for service', 'The location where the service will take place', 'The date the service request was submitted', ' The date the request the department must have the service request completed by for the request to be on time. Requests completed after this date are considered late.', 'The type of service being requested', 'The City Department responsible to responding to the request for service', 'Internal Key', 'Describes the status of the request for service (I.E. New, In Progress, Closed) ', 'The number of the City Council District where the service will take place', 'Describes the method the service request was received  (I.E. Phone, Web, Mobile Device, etc.)', 'Describes the priorty of the request (Standard, Urgent, Dispatch, etc.)', ""The numeric value of the location's latitude and longitude coordinates"", 'The date the request was completed and closed', ' Tracking number associated with a service request beginning with the last two digits of the year the service request was created.']",official,,d7e7-envw
County Click 311 - Motorola,8nyi-qgn7,1,A complete listing of non-emergency 311 service requests for Prince George's County since August 2016. This dataset is scheduled to update daily.,Motorola/PGC OIT,N,dataset,2024-10-15T13:00:13.000Z,2017-03-17T21:04:19.000Z,2024-10-15T13:00:13.000Z,"['request_status', 'location_address', 'latitude', 'location_city', 'service_group', 'service_request', 'agency_responsible', 'longitude', 'street_address', 'date_request_opened', 'request_name', 'tni_area_description', 'location_zip', ':@computed_region_87xh_ddyp', 'location_state', 'location', 'sla']","['', '', '', '', '', '', '', '', '', '', '', '', '', '', '', '', '']",official,,8nyi-qgn7
St. Petersburg Service Center Data,qdms-3kn3,1,"This dataset is updated daily and contains a log of citizen requests to the St Pete Service Center dating back to June 2014. These records describe requests for assistance with City services or reported problems, such as potholes, graffiti, broken sidewalks, storm drain issues, traffic signal/sign problems, special pick-up of dumped items, codes violations, etc.

This data is used to power the city's St Pete Stat application at statmap.stpete.org. Visit this site to see maps and stats about the City's closure rates for St Pete Service Center tickets, or search tickets in your neighborhood.

Citizens submit requests for service through St. Pete's See Click Fix application. See https://www.stpete.org/service_center/index.php for more information.",St Petersburg,Y,dataset,2024-08-16T09:23:04.000Z,2016-04-28T13:08:14.000Z,2024-08-16T09:23:04.000Z,"['ticket_created_date_time', 'lng', 'lat', 'issue_description', 'day_closed', 'day_created', 'hours_to_acknowledge', 'secondary_issue_type', 'issue_type', 'day_updated', 'ticket_last_updated_date_time', 'state', 'location_zip', 'location_city', 'zip_code', 'neighborhood_district', 'days_open', 'location_state', 'city', 'location_address', 'day_acknowledged', 'street_address', 'ticket_status', 'location', 'ticket_closed_date_time', 'ticket_id', ':@computed_region_hxqd_3hkk', ':@computed_region_hmnq_7ac9', ':@computed_region_ua35_kzh4', ':@computed_region_8vjn_ippw', ':@computed_region_grk8_e8ip', ':@computed_region_rgb2_g8nz', ':@computed_region_i8d9_b6mz', ':@computed_region_t9b9_3nyv', ':@computed_region_5enq_rt25', ':@computed_region_8nrd_7xbz', ':@computed_region_nqsz_z74w', ':@computed_region_5xuv_jweh', ':@computed_region_wifj_7igh', ':@computed_region_m6mj_3xda', ':@computed_region_c7g9_amwp', ':@computed_region_hvtz_dfxq', ':@computed_region_b9g7_9xcx', ':@computed_region_nq98_q63y', ':@computed_region_qcp9_8m35', ':@computed_region_4fq9_q4gq', ':@computed_region_cc7w_3bap', ':@computed_region_begu_5bij', ':@computed_region_4yrn_6hem', ':@computed_region_nwvq_vxk9', ':@computed_region_igyx_wxip', 'seeclickfix', 'image']","['', '', '', '', '', '', '', '', '', '', '', '', '', '', '', '', '', '', '', '', '', '', '', '', '', '', '', '', '', '', '', '', '', '', '', '', '', '', '', '', '', '', '', '', '', '', '', '', '', '', '', 'URL to issue on SeeClickFix', '']",official,,qdms-3kn3
311 Service Requests (myGNV),78uv-94ar,1,"Non-emergency requests like pothole repairs or damaged street signs can be reported through the Web: www.myGNV.org or app.

iPhone Users: https://apps.apple.com/us/app/mygnv/id1011272233
Android Users: https://play.google.com/store/apps/details?id=com.citysourced.gainesvillefl
or online (http://www.cityofgainesville.org/openGNV/311GNV.aspx).
***Disclaimer: The data reflected on this page is through 06/18/2021. We have updated our MyGNV app. We are working to get the data uploaded from the new platform. We appreciate your patience",City of Gainesville - Administrative Services,Y,dataset,2023-07-12T15:06:15.000Z,2016-04-26T16:29:42.000Z,2023-07-12T15:06:15.000Z,"[':@computed_region_qsqf_gz5q', ':@computed_region_4rat_gsiv', ':@computed_region_u9vc_vmbc', ':@computed_region_ndi2_bfht', ':@computed_region_axii_i744', ':@computed_region_43jd_v64e', 'location_detail', 'latitude', 'longitude', 'created', 'location', 'commission_district', 'last_updated', 'acknowledged', 'reopened', 'closed', 'minutes_to_acknowledge', 'days_to_close', 'request_type', 'description', 'status', 'assigned_to', 'reporter_display', 'reported_using_mobile', 'police_sector', ':@computed_region_9cfm_spy5', 'minutes_to_close', 'id']","['', '', '', '', '', '', 'The address of the issue (manually input by the requester)', '', '', 'The date and time the service request was made', '', '', 'The date and time of the last update made to the service request', 'The date and time of when the service request was acknowledged by staff through the online 311 system', 'The date and time of when the service request was reopened by the requester ', 'The date and time of when the service request was ""closed"" by staff. This reflects whether the request was moved into a work order to solve the issue or if the ticket was resolved with the requester', 'The amount of time (in minutes) to acknowledge the open request with a message through the online 311 system', '', '', 'Detailed description of the service request', 'Status of the request. \nOPEN:  The request has been sent\nACKNOWLEDGED: Staff has acknowledged that the request has been opened.\nCLOSED: The service request has either been made into a work order to fix the problem or the request has been resolved with the requester. \nREOPENED: The request has been reopened by the requester for further investigation', 'The department or office the request has been assigned to', 'The chosen display name for those reporting. May be a user name (logged in an using their user name to report), anonymous (logged in but choosing to stay anonymous) or guest (not signed in)', 'If the issue was reported through a mobile device', '', '', 'The amount of time (in minutes) to resolve the  request with a message through the online 311 system', 'The unique identification number for each open service request']",official,,78uv-94ar
311 Call Centre,hk5h-uv5k,1,This dataset contains the daily 311 call center activity,The City of Calgary,N,dataset,2023-02-01T15:39:18.000Z,2016-05-31T22:28:39.000Z,2022-12-08T21:10:07.000Z,"['delaycallsproduct', 'id', 'max_ans_delay', 'abandoned', 'avg_ans_delay_seconds', 'avg_ans_delay', 'date', 'offered', 'application', 'answered']","['', '', '', '', '', '', '', '', '', '']",official,,hk5h-uv5k
Honolulu 311 archive,pxs8-ci86,1,,Honolulu,Y,dataset,2019-07-03T20:27:29.000Z,2019-07-03T00:59:05.000Z,2019-07-03T20:27:28.000Z,"['location', 'dateclosed_converted', 'datecreate_converted', 'description', 'reporttype', 'currentstatus', 'id']","['', '', '', '', '', '', '']",official,,pxs8-ci86
MyNorfolk,nbyu-xjez,0,"This dataset provides data from MyNorfolk, a citizen services portal that delegates and tracks requests and questions about the city of Norfolk and the services we provide to our residents, businesses, and visitors.  Data for the service requests is collected from phone calls, emails, an app for smart phones and on-line. The portal is managed by the Norfolk Cares Center; its mission is to provide a single point of contact for visitors, residents, businesses and city staff to request a city service, report a concern, seek information about Norfolk, or follow-up on a previous request for service.

**Disclaimer - With the current process in place, not all tickets are closed automatically. There could be tickets shown as open in this dataset that are closed in our other systems. We are working to address the issue.","Norfolk, VA",Y,dataset,2024-12-02T11:31:41.000Z,2020-04-28T18:37:12.000Z,2024-12-02T11:31:41.000Z,"['status', 'service_request_category', 'service_request_number', 'location', 'creation_date', 'modification_date', 'service_request_type']","['Current Status of Service Request', 'Department/Division Responsible for Completion of Service Request', 'Service Request Identification Number', 'Address of Service Request Concern', 'Date and Time Record was created', 'Date and Time of last update made to service request', 'Service Request Issue']",official,,
311 Explorer,ukww-xkmj,0,"311 Explorer is a web-based mapping tool that uses the City’s open data information to search, filter, and display 311 service requests on public property.  You will be able to:

View the various types of service requests on public property that have been generated in a neighborhood, ward or across the city, see the status of service requests, use the map or charts for analysis of neighbourhoods",City of Edmonton,N,dataset,2024-12-01T09:17:53.000Z,2014-07-03T16:53:52.000Z,2024-12-01T09:17:53.000Z,"['ivara_ticket_num', 'transit_ref_number', 'posse_number', 'lat', 'neighborhood_district', 'issue_description', 'issue_type', 'ticket_closed_date_time', 'ticket_id', 'location_zip', 'status_detail', 'geometry_point', 'long', 'location', 'street_address', 'community_league', 'ticket_created_date_time', 'location_city', 'ticket_source', 'location_address', 'display_name', 'agency_responsible', 'calendar_year', 'ticket_status', 'count', 'location_state', ':@computed_region_7ccj_gre3', ':@computed_region_da6r_6gkw', ':@computed_region_eq8d_jmrp', ':@computed_region_mnf4_kaez', ':@computed_region_5jki_au6x', ':@computed_region_izdr_ja4x', ':@computed_region_ecxu_fw7u']","['', 'A ticket number from any Transit application', 'Unique Identifier generated by POSSE', 'Horizontal Geographic Coordinate', 'The City Ward associated with the location.', 'Provides a general description of the service request.', 'The type of activity or service request.', 'The date the service request was acted upon. The appropriate City department has investigated the concern and identified steps to resolve your request. Action for resolving the issue may be deferred as work may be dependent on priority and weather conditions or your issue has been closed due to lack of information including contact details. (311 Explorer version)', 'The unique identifier (number)  for the service request.', '', ' Certain request types may include additional details describing the progress or action associated with the request.', '', 'Vertical Geographic Coordinate', 'Spatial coordinates for the location of the issue that has been identified.', 'The location of the service request.', 'The Community League associated with the location of the service. (If applicable)', 'The date the service request was submitted.', '', 'The channel or method in which the service request was initiated. Examples will include telephone, 311 app or email. ', '', 'The City neighbourhood where the service request is located.', 'The business area that is responsible for the service (311 Explorer version).', 'Year when Service Ticket was created.', 'Status of the request. It can be either Open or Closed. Open means the service request has been received and assigned to the appropriate City area for review and action. Response times can be dependent on several factors including weather conditions, availability of resources and assessed priority of the work required. Closed means the appropriate City area has investigated your concern and has taken the necessary action to resolve your request. Please call 311 if further information is required.  (311 Open Data Activity Detail version).\n', 'Number of service requests - usually 1. To be used for reporting purposes.', '', '', '', '', '', '', '', '']",official,,
